,Gene1,Gene2,category_protein1,degree_protein1
0,CDC6,MCM5,"in cluster, not scaffold",29
1,CDC6,MCM6,"in cluster, not scaffold",29
2,CDC6,TOP2A,"in cluster, not scaffold",29
3,CDC6,PTTG1,"in cluster, not scaffold",29
4,CDC6,ASF1B,"in cluster, not scaffold",29
5,CDC6,SMC3,"in cluster, not scaffold",29
6,CDC6,SLBP,"in cluster, not scaffold",29
7,CDC6,UBE2T,"in cluster, not scaffold",29
8,CDC6,TK1,"in cluster, not scaffold",29
9,CDC6,CKS1B,"in cluster, not scaffold",29
10,CDC6,CDC7,"in cluster, not scaffold",29
11,CDC6,MCM7,"in cluster, not scaffold",29
12,CDC6,GMNN,"in cluster, not scaffold",29
13,CDC6,ORC1,"in cluster, not scaffold",29
14,CDC6,TYMS,"in cluster, not scaffold",29
15,CDC6,NASP,"in cluster, not scaffold",29
16,CDC6,RRM2,"in cluster, not scaffold",29
17,CDC6,MAD2L1,"in cluster, not scaffold",29
18,CDC6,CDC45,"in cluster, not scaffold",29
19,CDC6,MCM2,"in cluster, not scaffold",29
20,CDC6,SMC4,"in cluster, not scaffold",29
21,CDC6,SMC2,"in cluster, not scaffold",29
22,CDC6,CENPA,"in cluster, not scaffold",29
23,CDC6,CDT1,"in cluster, not scaffold",29
24,CDC6,RRM1,"in cluster, not scaffold",29
25,CDC6,MCM3,"in cluster, not scaffold",29
26,CDC6,MCM4,"in cluster, not scaffold",29
27,CDC6,HELLS,"in cluster, not scaffold",29
28,CDC6,UHRF1,"in cluster, not scaffold",29
29,MCM5,MCM6,"in cluster, not scaffold",27
30,MCM5,TOP2A,"in cluster, not scaffold",27
31,MCM5,ASF1B,"in cluster, not scaffold",27
32,MCM5,SMC3,"in cluster, not scaffold",27
33,MCM5,SLBP,"in cluster, not scaffold",27
34,MCM5,TK1,"in cluster, not scaffold",27
35,MCM5,MSH2,"in cluster, not scaffold",27
36,MCM5,CDC7,"in cluster, not scaffold",27
37,MCM5,MCM7,"in cluster, not scaffold",27
38,MCM5,GMNN,"in cluster, not scaffold",27
39,MCM5,ORC1,"in cluster, not scaffold",27
40,MCM5,TYMS,"in cluster, not scaffold",27
41,MCM5,NASP,"in cluster, not scaffold",27
42,MCM5,RRM2,"in cluster, not scaffold",27
43,MCM5,MAD2L1,"in cluster, not scaffold",27
44,MCM5,CDC45,"in cluster, not scaffold",27
45,MCM5,MCM2,"in cluster, not scaffold",27
46,MCM5,SMC4,"in cluster, not scaffold",27
47,MCM5,SMC2,"in cluster, not scaffold",27
48,MCM5,KPNA2,"in cluster, not scaffold",27
49,MCM5,CDT1,"in cluster, not scaffold",27
50,MCM5,CHAF1A,"in cluster, not scaffold",27
51,MCM5,RRM1,"in cluster, not scaffold",27
52,MCM5,MCM3,"in cluster, not scaffold",27
53,MCM5,MCM4,"in cluster, not scaffold",27
54,MCM5,HELLS,"in cluster, not scaffold",27
55,MCM5,UHRF1,"in cluster, not scaffold",27
56,VRK1,MAD2L1,"in cluster, not scaffold",1
57,STAG2,SMC3,Cond. scaffold,8
58,STAG2,SMC1A,Cond. scaffold,8
59,STAG2,MAD2L1,Cond. scaffold,8
60,STAG2,BUB3,Cond. scaffold,8
61,STAG2,SMC4,Cond. scaffold,8
62,STAG2,SMC2,Cond. scaffold,8
63,STAG2,CENPA,Cond. scaffold,8
64,STAG2,RAD21,Cond. scaffold,8
65,GMNN,CDC7,"in cluster, not scaffold",15
66,GMNN,MCM7,"in cluster, not scaffold",15
67,GMNN,ORC1,"in cluster, not scaffold",15
68,GMNN,MCM6,"in cluster, not scaffold",15
69,GMNN,PTTG1,"in cluster, not scaffold",15
70,GMNN,RRM2,"in cluster, not scaffold",15
71,GMNN,MAD2L1,"in cluster, not scaffold",15
72,GMNN,CDC45,"in cluster, not scaffold",15
73,GMNN,MCM2,"in cluster, not scaffold",15
74,GMNN,BUB3,"in cluster, not scaffold",15
75,GMNN,KPNA2,"in cluster, not scaffold",15
76,GMNN,CDT1,"in cluster, not scaffold",15
77,GMNN,MCM3,"in cluster, not scaffold",15
78,GMNN,MCM4,"in cluster, not scaffold",15
79,GMNN,CKS1B,"in cluster, not scaffold",15
80,MSH2,MCM6,"in cluster, not scaffold",11
81,MSH2,SMC3,"in cluster, not scaffold",11
82,MSH2,SMC1A,"in cluster, not scaffold",11
83,MSH2,MCM7,"in cluster, not scaffold",11
84,MSH2,NASP,"in cluster, not scaffold",11
85,MSH2,MCM2,"in cluster, not scaffold",11
86,MSH2,SMC2,"in cluster, not scaffold",11
87,MSH2,RRM1,"in cluster, not scaffold",11
88,MSH2,MCM3,"in cluster, not scaffold",11
89,MSH2,MCM4,"in cluster, not scaffold",11
90,MSH2,RAD21,"in cluster, not scaffold",11
91,NASP,MCM6,Cond. scaffold,14
92,NASP,ASF1B,Cond. scaffold,14
93,NASP,SLBP,Cond. scaffold,14
94,NASP,MCM7,Cond. scaffold,14
95,NASP,ORC1,Cond. scaffold,14
96,NASP,TYMS,Cond. scaffold,14
97,NASP,MAD2L1,Cond. scaffold,14
98,NASP,MCM2,Cond. scaffold,14
99,NASP,SMC4,Cond. scaffold,14
100,NASP,SMC2,Cond. scaffold,14
101,NASP,RRM1,Cond. scaffold,14
102,NASP,MCM3,Cond. scaffold,14
103,NASP,MCM4,Cond. scaffold,14
104,NASP,HELLS,Cond. scaffold,14
105,MCM4,MCM6,Cond. scaffold,26
106,MCM4,TOP2A,Cond. scaffold,26
107,MCM4,PTTG1,Cond. scaffold,26
108,MCM4,ASF1B,Cond. scaffold,26
109,MCM4,SMC3,Cond. scaffold,26
110,MCM4,SLBP,Cond. scaffold,26
111,MCM4,SMC1A,Cond. scaffold,26
112,MCM4,CDC7,Cond. scaffold,26
113,MCM4,MCM7,Cond. scaffold,26
114,MCM4,ORC1,Cond. scaffold,26
115,MCM4,TYMS,Cond. scaffold,26
116,MCM4,RRM2,Cond. scaffold,26
117,MCM4,MAD2L1,Cond. scaffold,26
118,MCM4,CDC45,Cond. scaffold,26
119,MCM4,MCM2,Cond. scaffold,26
120,MCM4,SMC4,Cond. scaffold,26
121,MCM4,SMC2,Cond. scaffold,26
122,MCM4,CENPA,Cond. scaffold,26
123,MCM4,CDT1,Cond. scaffold,26
124,MCM4,CHAF1A,Cond. scaffold,26
125,MCM4,RRM1,Cond. scaffold,26
126,MCM4,RAD54L,Cond. scaffold,26
127,MCM4,MCM3,Cond. scaffold,26
128,MCM4,HELLS,Cond. scaffold,26
129,MCM4,RAD21,Cond. scaffold,26
130,MCM4,UHRF1,Cond. scaffold,26
131,ASF1B,MCM7,"in cluster, not scaffold",13
132,ASF1B,MCM6,"in cluster, not scaffold",13
133,ASF1B,TOP2A,"in cluster, not scaffold",13
134,ASF1B,PTTG1,"in cluster, not scaffold",13
135,ASF1B,RRM2,"in cluster, not scaffold",13
136,ASF1B,CDC45,"in cluster, not scaffold",13
137,ASF1B,MCM2,"in cluster, not scaffold",13
138,ASF1B,CENPA,"in cluster, not scaffold",13
139,ASF1B,CDT1,"in cluster, not scaffold",13
140,ASF1B,CHAF1A,"in cluster, not scaffold",13
141,ASF1B,RRM1,"in cluster, not scaffold",13
142,ASF1B,RAD54L,"in cluster, not scaffold",13
143,ASF1B,MCM3,"in cluster, not scaffold",13
144,MCM6,TOP2A,"in cluster, not scaffold",17
145,MCM6,PTTG1,"in cluster, not scaffold",17
146,MCM6,CDC7,"in cluster, not scaffold",17
147,MCM6,MCM7,"in cluster, not scaffold",17
148,MCM6,ORC1,"in cluster, not scaffold",17
149,MCM6,TYMS,"in cluster, not scaffold",17
150,MCM6,RRM2,"in cluster, not scaffold",17
151,MCM6,MAD2L1,"in cluster, not scaffold",17
152,MCM6,CDC45,"in cluster, not scaffold",17
153,MCM6,MCM2,"in cluster, not scaffold",17
154,MCM6,SMC4,"in cluster, not scaffold",17
155,MCM6,SMC2,"in cluster, not scaffold",17
156,MCM6,CDT1,"in cluster, not scaffold",17
157,MCM6,CHAF1A,"in cluster, not scaffold",17
158,MCM6,RRM1,"in cluster, not scaffold",17
159,MCM6,MCM3,"in cluster, not scaffold",17
160,MCM6,HELLS,"in cluster, not scaffold",17
161,MCM2,TOP2A,"in cluster, not scaffold",22
162,MCM2,PTTG1,"in cluster, not scaffold",22
163,MCM2,SMC3,"in cluster, not scaffold",22
164,MCM2,SLBP,"in cluster, not scaffold",22
165,MCM2,CKS1B,"in cluster, not scaffold",22
166,MCM2,CDC7,"in cluster, not scaffold",22
167,MCM2,MCM7,"in cluster, not scaffold",22
168,MCM2,ORC1,"in cluster, not scaffold",22
169,MCM2,TYMS,"in cluster, not scaffold",22
170,MCM2,RRM2,"in cluster, not scaffold",22
171,MCM2,MAD2L1,"in cluster, not scaffold",22
172,MCM2,CDC45,"in cluster, not scaffold",22
173,MCM2,SMC4,"in cluster, not scaffold",22
174,MCM2,SMC2,"in cluster, not scaffold",22
175,MCM2,CENPA,"in cluster, not scaffold",22
176,MCM2,CDT1,"in cluster, not scaffold",22
177,MCM2,CHAF1A,"in cluster, not scaffold",22
178,MCM2,RRM1,"in cluster, not scaffold",22
179,MCM2,RAD54L,"in cluster, not scaffold",22
180,MCM2,MCM3,"in cluster, not scaffold",22
181,MCM2,HELLS,"in cluster, not scaffold",22
182,MCM2,UHRF1,"in cluster, not scaffold",22
183,SMC2,TOP2A,Cond. scaffold,15
184,SMC2,SMC3,Cond. scaffold,15
185,SMC2,SMC1A,Cond. scaffold,15
186,SMC2,MCM7,Cond. scaffold,15
187,SMC2,ORC1,Cond. scaffold,15
188,SMC2,TYMS,Cond. scaffold,15
189,SMC2,RRM2,Cond. scaffold,15
190,SMC2,MAD2L1,Cond. scaffold,15
191,SMC2,CDC45,Cond. scaffold,15
192,SMC2,ATAD2,Cond. scaffold,15
193,SMC2,SMC4,Cond. scaffold,15
194,SMC2,RRM1,Cond. scaffold,15
195,SMC2,MCM3,Cond. scaffold,15
196,SMC2,HELLS,Cond. scaffold,15
197,SMC2,RAD21,Cond. scaffold,15
198,ATAD2,TOP2A,Cond. scaffold,4
199,ATAD2,RRM2,Cond. scaffold,4
200,ATAD2,MAD2L1,Cond. scaffold,4
201,ATAD2,SMC4,Cond. scaffold,4
202,HMGB2,TOP2A,"in cluster, not scaffold",2
203,HMGB2,MAD2L1,"in cluster, not scaffold",2
204,MAD2L1,TOP2A,"in cluster, not scaffold",21
205,MAD2L1,PTTG1,"in cluster, not scaffold",21
206,MAD2L1,SMC3,"in cluster, not scaffold",21
207,MAD2L1,SLBP,"in cluster, not scaffold",21
208,MAD2L1,UBE2T,"in cluster, not scaffold",21
209,MAD2L1,SMC1A,"in cluster, not scaffold",21
210,MAD2L1,CKS1B,"in cluster, not scaffold",21
211,MAD2L1,CDC7,"in cluster, not scaffold",21
212,MAD2L1,MCM7,"in cluster, not scaffold",21
213,MAD2L1,ORC1,"in cluster, not scaffold",21
214,MAD2L1,TYMS,"in cluster, not scaffold",21
215,MAD2L1,RRM2,"in cluster, not scaffold",21
216,MAD2L1,CDC45,"in cluster, not scaffold",21
217,MAD2L1,BUB3,"in cluster, not scaffold",21
218,MAD2L1,SMC4,"in cluster, not scaffold",21
219,MAD2L1,CENPA,"in cluster, not scaffold",21
220,MAD2L1,KPNA2,"in cluster, not scaffold",21
221,MAD2L1,RRM1,"in cluster, not scaffold",21
222,MAD2L1,MCM3,"in cluster, not scaffold",21
223,MAD2L1,RAD21,"in cluster, not scaffold",21
224,MAD2L1,UHRF1,"in cluster, not scaffold",21
225,RAD21,SMC3,Cond. scaffold,7
226,RAD21,SMC1A,Cond. scaffold,7
227,RAD21,MCM7,Cond. scaffold,7
228,RAD21,BUB3,Cond. scaffold,7
229,RAD21,SMC4,Cond. scaffold,7
230,RAD21,CENPA,Cond. scaffold,7
231,RAD21,MCM3,Cond. scaffold,7
232,RRM1,TOP2A,"in cluster, not scaffold",13
233,RRM1,SMC3,"in cluster, not scaffold",13
234,RRM1,SLBP,"in cluster, not scaffold",13
235,RRM1,MCM7,"in cluster, not scaffold",13
236,RRM1,ORC1,"in cluster, not scaffold",13
237,RRM1,TYMS,"in cluster, not scaffold",13
238,RRM1,RRM2,"in cluster, not scaffold",13
239,RRM1,CDC45,"in cluster, not scaffold",13
240,RRM1,BUB3,"in cluster, not scaffold",13
241,RRM1,SMC4,"in cluster, not scaffold",13
242,RRM1,CDT1,"in cluster, not scaffold",13
243,RRM1,MCM3,"in cluster, not scaffold",13
244,RRM1,UHRF1,"in cluster, not scaffold",13
245,CDT1,CDC7,Cond. scaffold,11
246,CDT1,MCM7,Cond. scaffold,11
247,CDT1,ORC1,Cond. scaffold,11
248,CDT1,TYMS,Cond. scaffold,11
249,CDT1,TOP2A,Cond. scaffold,11
250,CDT1,RRM2,Cond. scaffold,11
251,CDT1,CDC45,Cond. scaffold,11
252,CDT1,CHAF1A,Cond. scaffold,11
253,CDT1,RAD54L,Cond. scaffold,11
254,CDT1,MCM3,Cond. scaffold,11
255,CDT1,CKS1B,Cond. scaffold,11
256,CHAF1A,MCM7,Cond. scaffold,3
257,CHAF1A,CDC45,Cond. scaffold,3
258,CHAF1A,MCM3,Cond. scaffold,3
259,TK1,TOP2A,"in cluster, not scaffold",6
260,TK1,PTTG1,"in cluster, not scaffold",6
261,TK1,UBE2T,"in cluster, not scaffold",6
262,TK1,TYMS,"in cluster, not scaffold",6
263,TK1,RRM2,"in cluster, not scaffold",6
264,TK1,CDC45,"in cluster, not scaffold",6
265,MCM7,TOP2A,"in cluster, not scaffold",11
266,MCM7,SMC3,"in cluster, not scaffold",11
267,MCM7,SLBP,"in cluster, not scaffold",11
268,MCM7,SMC1A,"in cluster, not scaffold",11
269,MCM7,CDC7,"in cluster, not scaffold",11
270,MCM7,ORC1,"in cluster, not scaffold",11
271,MCM7,TYMS,"in cluster, not scaffold",11
272,MCM7,RRM2,"in cluster, not scaffold",11
273,MCM7,CDC45,"in cluster, not scaffold",11
274,MCM7,SMC4,"in cluster, not scaffold",11
275,MCM7,MCM3,"in cluster, not scaffold",11
276,CKS1B,TYMS,"in cluster, not scaffold",7
277,CKS1B,TOP2A,"in cluster, not scaffold",7
278,CKS1B,PTTG1,"in cluster, not scaffold",7
279,CKS1B,RRM2,"in cluster, not scaffold",7
280,CKS1B,UBE2T,"in cluster, not scaffold",7
281,CKS1B,CENPA,"in cluster, not scaffold",7
282,CKS1B,KPNA2,"in cluster, not scaffold",7
283,TYMS,TOP2A,"in cluster, not scaffold",11
284,TYMS,PTTG1,"in cluster, not scaffold",11
285,TYMS,SLBP,"in cluster, not scaffold",11
286,TYMS,UBE2T,"in cluster, not scaffold",11
287,TYMS,ORC1,"in cluster, not scaffold",11
288,TYMS,RRM2,"in cluster, not scaffold",11
289,TYMS,CDC45,"in cluster, not scaffold",11
290,TYMS,SMC4,"in cluster, not scaffold",11
291,TYMS,CENPA,"in cluster, not scaffold",11
292,TYMS,RAD54L,"in cluster, not scaffold",11
293,TYMS,MCM3,"in cluster, not scaffold",11
294,SMC1A,SMC3,"in cluster, not scaffold",4
295,SMC1A,BUB3,"in cluster, not scaffold",4
296,SMC1A,SMC4,"in cluster, not scaffold",4
297,SMC1A,CENPA,"in cluster, not scaffold",4
298,CENPA,TOP2A,"in cluster, not scaffold",7
299,CENPA,PTTG1,"in cluster, not scaffold",7
300,CENPA,SMC3,"in cluster, not scaffold",7
301,CENPA,RRM2,"in cluster, not scaffold",7
302,CENPA,CDC45,"in cluster, not scaffold",7
303,CENPA,BUB3,"in cluster, not scaffold",7
304,CENPA,SMC4,"in cluster, not scaffold",7
305,SMC4,TOP2A,"in cluster, not scaffold",6
306,SMC4,SMC3,"in cluster, not scaffold",6
307,SMC4,ORC1,"in cluster, not scaffold",6
308,SMC4,RRM2,"in cluster, not scaffold",6
309,SMC4,CDC45,"in cluster, not scaffold",6
310,SMC4,MCM3,"in cluster, not scaffold",6
311,RRM2,TOP2A,"in cluster, not scaffold",9
312,RRM2,PTTG1,"in cluster, not scaffold",9
313,RRM2,UBE2T,"in cluster, not scaffold",9
314,RRM2,ORC1,"in cluster, not scaffold",9
315,RRM2,CDC45,"in cluster, not scaffold",9
316,RRM2,KPNA2,"in cluster, not scaffold",9
317,RRM2,RAD54L,"in cluster, not scaffold",9
318,RRM2,MCM3,"in cluster, not scaffold",9
319,RRM2,UHRF1,"in cluster, not scaffold",9
320,SMC3,TOP2A,"in cluster, not scaffold",3
321,SMC3,BUB3,"in cluster, not scaffold",3
322,SMC3,MCM3,"in cluster, not scaffold",3
323,UBE2T,TOP2A,"in cluster, not scaffold",3
324,UBE2T,PTTG1,"in cluster, not scaffold",3
325,UBE2T,CDC45,"in cluster, not scaffold",3
326,BUB3,PTTG1,"in cluster, not scaffold",1
327,ORC1,CDC7,Cond. scaffold,3
328,ORC1,CDC45,Cond. scaffold,3
329,ORC1,MCM3,Cond. scaffold,3
330,RAD54L,TOP2A,"in cluster, not scaffold",2
331,RAD54L,CDC45,"in cluster, not scaffold",2
332,PTTG1,TOP2A,"in cluster, not scaffold",3
333,PTTG1,CDC45,"in cluster, not scaffold",3
334,PTTG1,KPNA2,"in cluster, not scaffold",3
335,HELLS,TOP2A,"in cluster, not scaffold",3
336,HELLS,MCM3,"in cluster, not scaffold",3
337,HELLS,UHRF1,"in cluster, not scaffold",3
338,CDC7,CDC45,"in cluster, not scaffold",2
339,CDC7,MCM3,"in cluster, not scaffold",2
340,CDC45,TOP2A,"in cluster, not scaffold",2
341,CDC45,MCM3,"in cluster, not scaffold",2
342,TOP2A,KPNA2,Cond. scaffold,3
343,TOP2A,MCM3,Cond. scaffold,3
344,TOP2A,UHRF1,Cond. scaffold,3
345,SLBP,MCM3,"in cluster, not scaffold",2
346,SLBP,UHRF1,"in cluster, not scaffold",2
347,UHRF1,MCM3,"in cluster, not scaffold",1
348,KPNA2,,"in cluster, not scaffold",1
349,MCM3,,Cond. scaffold,1
